{"auc": 0.5333333333333333, "pr_auc": 0.979958183990442, "f1": 0.9836065573770492, "precision": 0.967741935483871, "recall": 1.0}