{
  "config": {
    "num_epochs": 10,
    "hidden_dim": 64,
    "num_layers": 2,
    "learning_rate": 0.01,
    "seed": 42,
    "verbose": false,
    "num_nodes": 200,
    "num_features": 16,
    "num_classes": 2,
    "edge_prob": 0.05,
    "imbalance_ratio": 2.0,
    "use_robust_model": false,
    "use_imbalance_handling": false
  },
  "dataset_info": {
    "num_nodes": 200,
    "num_edges": 1938,
    "avg_degree": 19,
    "imbalance_analysis": {
      "train": {
        "class_counts": [
          75,
          45
        ],
        "class_proportions": [
          0.625,
          0.375
        ],
        "total_samples": 120,
        "num_classes": 2,
        "imbalance_ratio": 1.6666666666666667
      },
      "val": {
        "class_counts": [
          28,
          12
        ],
        "class_proportions": [
          0.699999988079071,
          0.30000001192092896
        ],
        "total_samples": 40,
        "num_classes": 2,
        "imbalance_ratio": 2.3333333333333335
      },
      "test": {
        "class_counts": [
          31,
          9
        ],
        "class_proportions": [
          0.7749999761581421,
          0.22499999403953552
        ],
        "total_samples": 40,
        "num_classes": 2,
        "imbalance_ratio": 3.4444444444444446
      },
      "overall": {
        "class_counts": [
          134,
          66
        ],
        "class_proportions": [
          0.6700000166893005,
          0.33000001311302185
        ],
        "total_samples": 200,
        "num_classes": 2,
        "imbalance_ratio": 2.0303030303030303
      },
      "recommendations": [
        "Dataset appears balanced"
      ]
    }
  },
  "delta_values": [
    0,
    9,
    19,
    38,
    190,
    null
  ],
  "results": [
    {
      "delta": 0,
      "final_train_loss": 0.4940286874771118,
      "final_train_acc": 0.7833333611488342,
      "final_val_loss": 0.7635407447814941,
      "final_val_acc": 0.574999988079071,
      "test_acc": 0.7749999761581421,
      "per_class_acc": [
        0.8064516186714172,
        0.6666666865348816
      ],
      "avg_per_class_acc": 0.7365591526031494,
      "exclusion_rate": 0.0,
      "excluded_edges": 0,
      "experiment_id": 0,
      "success": true
    },
    {
      "delta": 9,
      "final_train_loss": 0.5186688899993896,
      "final_train_acc": 0.75,
      "final_val_loss": 0.7681084871292114,
      "final_val_acc": 0.550000011920929,
      "test_acc": 0.675000011920929,
      "per_class_acc": [
        0.774193525314331,
        0.3333333432674408
      ],
      "avg_per_class_acc": 0.5537634342908859,
      "exclusion_rate": 0.017699115044247787,
      "excluded_edges": 24,
      "experiment_id": 1,
      "success": true
    },
    {
      "delta": 19,
      "final_train_loss": 0.4587460160255432,
      "final_train_acc": 0.7916666865348816,
      "final_val_loss": 0.7532573342323303,
      "final_val_acc": 0.6000000238418579,
      "test_acc": 0.6499999761581421,
      "per_class_acc": [
        0.7419354915618896,
        0.3333333432674408
      ],
      "avg_per_class_acc": 0.5376344174146652,
      "exclusion_rate": 0.5346607669616519,
      "excluded_edges": 725,
      "experiment_id": 2,
      "success": true
    },
    {
      "delta": 38,
      "final_train_loss": 0.46571657061576843,
      "final_train_acc": 0.7666666507720947,
      "final_val_loss": 0.764523446559906,
      "final_val_acc": 0.574999988079071,
      "test_acc": 0.675000011920929,
      "per_class_acc": [
        0.7419354915618896,
        0.4444444477558136
      ],
      "avg_per_class_acc": 0.5931899696588516,
      "exclusion_rate": 1.0,
      "excluded_edges": 1356,
      "experiment_id": 3,
      "success": true
    },
    {
      "delta": 190,
      "final_train_loss": 0.523598313331604,
      "final_train_acc": 0.675000011920929,
      "final_val_loss": 0.7350362539291382,
      "final_val_acc": 0.6000000238418579,
      "test_acc": 0.6499999761581421,
      "per_class_acc": [
        0.8064516186714172,
        0.1111111119389534
      ],
      "avg_per_class_acc": 0.4587813653051853,
      "exclusion_rate": 1.0,
      "excluded_edges": 1356,
      "experiment_id": 4,
      "success": true
    },
    {
      "delta": "None",
      "final_train_loss": 0.4906848669052124,
      "final_train_acc": 0.7583333253860474,
      "final_val_loss": 0.7678154110908508,
      "final_val_acc": 0.574999988079071,
      "test_acc": 0.75,
      "per_class_acc": [
        0.8387096524238586,
        0.4444444477558136
      ],
      "avg_per_class_acc": 0.6415770500898361,
      "exclusion_rate": 0.0,
      "excluded_edges": 0,
      "experiment_id": 5,
      "success": true
    }
  ],
  "timestamp": "2025-09-13_03-33-31"
}