{"auc": 0.5586854460093896, "pr_auc": 0.9310536871586619, "f1": 0.9594594594594594, "precision": 0.922077922077922, "recall": 1.0}