{"auc": 0.7312235009085403, "pr_auc": 0.9654002741645831, "f1": 0.9289827255278311, "precision": 0.9063670411985019, "recall": 0.952755905511811}