{"auc": 0.8755400465270854, "pr_auc": 0.9787479702018526, "f1": 0.9560439560439561, "precision": 0.93048128342246, "recall": 0.9830508474576272}