{"auc": 0.8777068415149686, "pr_auc": 0.9856827209766473, "f1": 0.958743842364532, "precision": 0.9207569485511532, "recall": 1.0}