{"auc": 0.840732466288997, "pr_auc": 0.9777066315996786, "f1": 0.910732893365752, "precision": 0.9576333089846604, "recall": 0.8682119205298013}