{"auc": 0.8231481481481482, "pr_auc": 0.9630045657641503, "f1": 0.9504950495049505, "precision": 0.9056603773584906, "recall": 1.0}