{"auc": 0.8251141552511414, "pr_auc": 0.9698756500436133, "f1": 0.9511400651465798, "precision": 0.906832298136646, "recall": 1.0}